รหัส,ข้อคำถาม,code ตัวเลข
a1,a1 เพศ,1=ชาย  2=หญิง
a2,a2 ปีเกิด (พ.ศ.),
a301,a301 สถานะทางการศึกษา,1=กำลังศึกษาอยู่  2=จบการศึกษาแล้ว
a302,a302 ระดับการศึกษา,1=ประถมศึกษา  2=มัธยมศึกษาตอนต้น  3=มัธยมศึกษาตอนปลาย  4=ปวช.  5=ปวส./ปวท./อนุปริญญา  6=ปริญญาตรี  7=สูงกว่าปริญญาตรี  8=อื่น ๆ  9=ไม่ได้ศึกษาในระบบใดเลย
a3021,a3021 อื่น ๆ ระบบ ได้แก่,
a4,a4ท่านเป็นบุคคลที่จบปริญญาตรีและเพิ่งเริ่มทำงานไม่เกิน 4 ปี ....หรือไม่,1=ใช่ 2=ไม่ใช่
a5,a5 อาชีพ,1= รับราชการ/พนักงานของรัฐหรือรัฐวิสาหกิจ สังกัด  2=พนักงานเอกชน/ลูกจ้างบริษัท 3=เจ้าของธุรกิจ  4=อาชีพอิสระ/ฟรีแลนซ์/รับจ้าง 5= นักเรียน/นักศึกษา     6= เกษียณอายุ/แม่บ้านพ่อบ้าน 7= เกษตรกร เช่น ทำไร่ ประมง ฯลฯ  8=อื่นๆ
a51,a51 รับราชการ/พนักงานของรัฐหรือรัฐวิสาหกิจ สังกัด……,1=การไฟฟ้าภูมิภาค  2=สำนักงานเขต  3=TOT  4=กระทรวงสาธารณสุข  5=กระทรวงมหาดไทย  6=การประปา  7=กระทรวงศึกษาธิการ  8=โรงพยาบาล  9=ครู  10=กรมสรรพกร  11=ตำรวจ  12=กระทรวงสาธารณสุข  
a52,a52 พนักงานเอกชน/ลูกจ้างบริษัท ทำงานด้าน …,1=ผู้จัดการ  2=ธรุการ  3=รปภ  4=แม่บ้าน(ทำความสะอาด)  5=จัดซื้อ  6=การตลาด  7=บัญชี  8=บุคคล  9=เร่งรัดหนี้สิน  10=กระเป๋ารถเมลล์  11=กฎหมาย  12=รับ-ส่งเอกสาร/แมสเซนเจอร์  13=ฝ่ายผลิต  14=IT  15=คลังสินค้า  16=การบริการ  
a53,a53 เจ้าของธุรกิจ  เกี่ยวกับ.……,1=รับทำบัญชี  2=ขายอาหารตามสั่ง/ก๋วยเตี๋ยว  3=ขายเสื้อผ้า  4=ขายรองเท้า  5=รับเหมาก่อสร้าง/ขายอุปกรณ์ ก่อสร้าง  6=ร้านเสริมสวย  7=ขายผลไม้/ขายผัก  8=ขายของชำ  9=รับทำกุญแจ  10=สินค้าเกษตร  11=ขายอาหารสด  12=ทำป้ายโฆษณา  13=ร้านเกมส์  14=ขายต้นไม้/ดอกไม้  15=ร้านซ่อมรถ  16=ขายเครื่องสำอางค์
a54,a54 อาชีพอิสระ/ฟรีแลนซ์/รับจ้าง ทำงานด้าน ..,1=บริการร้านกาแฟ/ขายกาแฟ  2=รับจ้างทั่วไป  3=ช่าวตัดผม  4=กฎหมาย  5=ซักอบรีด  6=ขับรตตู้/ขับวิน  7=เลี่ยมพระ  8=ช่างทำรองเท้า  9=ก่อสร้าง  10=บริการ
a57,a57 เกษตรกร เช่น ทำไร่ ประมง ฯลฯ (ระบุ) ……,1=ทำนา 2=เลี้ยงสัตว์
a58,a58 อื่นๆ (ระบุ)………,
a6,a6 รายได้ของท่านเฉลี่ยต่อเดือน,"1=ไม่เกิน 15,000 บาท 2=15,001 - 30,000 บาท  3=30,001 – 50,000 บาท  4=50,001 – 80,000  5=80,001 ขึ้นไป"
a7,a7ในกรณีที่เป็นนักเรียน/นักศึกษา.. ประมาณเท่าไร (ระบุ) ………………………. บาท,
a81,a81 สถานภาพส่วนตัว,1=โสด (ไม่มีแฟน ไม่มีลูก)  2=มีแฟน/คนรัก  3=สามีหรือภรรยา แต่ยังไม่มีลูก  4=มีสามีหรือภรรยา และมีลูกแล้ว  5=ม่าย/หย่าร้าง  แต่ยังไม่มีลูก  6=ม่าย/หย่าร้าง และมีลูกแล้ว
a82,a82 ลักษณะการอยู่อาศัย,1=อยู่คนเดียว  2=อยู่กับครอบครัว  3=อยู่กับเพื่อน  4=อยู่กับแฟน/คนรัก (โดยที่ยังไม่แต่งงาน)
a91,a91 ภูมิภาคที่ท่านอาศัยอยู่ในปัจจุบัน,1=กรุงเทพฯและปริมณฑล  2=ภาคเหนือ  3=ภาคตะวันออกเฉียงเหนือ  4=ภาคกลาง  5=ภาคใต้
a92,a92 ภูมิภาคและเขตพื้นที่ ที่ท่านอาศัยอยู่ในปัจจุบัน,1=ในเขตเทศบาล  2=นอกเขตเทศบาล
k1,k1ติดตามข่าวในช่วงเช้าตรู่,0=ไม่ใช่ 1=ใช่
k2,k2ติดตามข่าวในช่วงเช้า,0=ไม่ใช่ 1=ใช่
k3,k3ติดตามข่าวในช่วงสาย,0=ไม่ใช่ 1=ใช่
k4,k4ติดตามข่าวในช่วงกลางวัน,0=ไม่ใช่ 1=ใช่
k5,k5ติดตามข่าวในช่วงบ่าย,0=ไม่ใช่ 1=ใช่
k6,k6ติดตามข่าวในช่วงเย็น,0=ไม่ใช่ 1=ใช่
k7,k7ติดตามข่าวในช่วงค่ำ,0=ไม่ใช่ 1=ใช่
k8,k8ติดตามข่าวในช่วงดึก,0=ไม่ใช่ 1=ใช่
k9,k9ติดตามข่าวในช่วงดึกจนล่วงเข้าวันใหม่,0=ไม่ใช่ 1=ใช่
k10,k10ติดตามข่าวในทุกช่วงเวลา,0=ไม่ใช่ 1=ใช่
l1,l11ท่านติดตามข่าวทางเครื่องรับโทรทัศน์ โดยรวมเฉลี่ยต่อวันเป็นระยะเวลาเท่าใด,1=น้อยกว่า  10 นาที 2=10 - 30  นาที  3=30 นาที – 1 ชั่วโมง  4=1 – 2 ชั่วโมง  5=2 – 3 ชั่วโมง  6=3 – 4 ชั่วโมง  7=5 ชั่วโมงขึ้นไป
p1,p1ท่านใช้อินเทอร์เน็ตในลักษณะใช้แพคเกจอินเทอร์เน็ตแบบจำกัดจำนวนชั่วโมง,
p2,p2ท่านใช้อินเทอร์เน็ตในลักษณะใช้แพคเกจอินเทอร์เน็ตแบบไม่จำกัดจำนวนชั่วโมง,
p3,p3ท่านใช้อินเทอร์เน็ตในลักษณะใช้ Wi-Fi ที่บ้าน,
p4,p4ท่านใช้อินเทอร์เน็ตในลักษณะใช้ Free Wi-Fi ในที่สาธารณะ หรือที่ทำงาน,
p5,p5ท่านใช้อินเทอร์เน็ตในลักษณะใช้แบบอื่นๆ,
p501,p501ใช้แบบอื่นๆ (ระบุ) ……ได้แก่,
p6,p6ท่านใช้อินเทอร์เน็ตในลักษณะไม่ได้ใช้งานอินเทอร์เน็ต,
q1,q1,1=Facebook  2=Twitter  3=YouTube  4=Instagram  5=LINE TODAY  6=LINE TV  7=Podcast / วิทยุออนไลน์  8=Pantip  9=เว็บไซต์ / แอปพลิเคชั่น  10=อื่นๆ
q2,q2สื่อออนไลน์ที่ท่านใช้งานเพื่อติดตามข่าว มีสื่อใดบ้าง โปรดจัดลำดับความนิยม อันดับ 2,1=Facebook  2=Twitter  3=YouTube  4=Instagram  5=LINE TODAY  6=LINE TV  7=Podcast / วิทยุออนไลน์  8=Pantip  9=เว็บไซต์ / แอปพลิเคชั่น  10=อื่นๆ
q3,q3สื่อออนไลน์ที่ท่านใช้งานเพื่อติดตามข่าว มีสื่อใดบ้าง โปรดจัดลำดับความนิยม อันดับ 3,1=Facebook  2=Twitter  3=YouTube  4=Instagram  5=LINE TODAY  6=LINE TV  7=Podcast / วิทยุออนไลน์  8=Pantip  9=เว็บไซต์ / แอปพลิเคชั่น  10=อื่นๆ
q4,q4สื่อออนไลน์ที่ท่านใช้งานเพื่อติดตามข่าว มีสื่อใดบ้าง โปรดจัดลำดับความนิยม อันดับ 4,1=Facebook  2=Twitter  3=YouTube  4=Instagram  5=LINE TODAY  6=LINE TV  7=Podcast / วิทยุออนไลน์  8=Pantip  9=เว็บไซต์ / แอปพลิเคชั่น  10=อื่นๆ
q5,q5สื่อออนไลน์ที่ท่านใช้งานเพื่อติดตามข่าว มีสื่อใดบ้าง โปรดจัดลำดับความนิยม อันดับ 5,1=Facebook  2=Twitter  3=YouTube  4=Instagram  5=LINE TODAY  6=LINE TV  7=Podcast / วิทยุออนไลน์  8=Pantip  9=เว็บไซต์ / แอปพลิเคชั่น  10=อื่นๆ
q901,q901 สื่อออนไลน์ที่ท่านใช้งานเพื่อติดตามข่าว เว็บไซด์/แอปพลิเคชั่น ระบุ,1=สนุก.com
q902,q902 สื่อออนไลน์ที่ท่านใช้งานเพื่อติดตามข่าว อื่นๆ ระบุ,1=ไทยรัฐ
r1,r1 RD เอ่ยเอง ระบุอันดับความชอบ อันดับที่ 1,1=ข่าวการเมือง  2=ข่าวเศรษฐกิจ  3=ข่าวในกระแสความสนใจ  4=ข่าวพระราชสำนัก  5=ข่าวต่างประเทศ  6=ข่าวอาชญากรรม  7=ข่าวอุบัติเหตุ  8=ข่าวความเคลื่อนไหวในวงการบันเทิง  9=ข่าวศิลปวัฒนธรรม  10=ข่าวกีฬา  11=ข่าวเกษตร  12=ข่าวเทคโนโลยี  13=ข่าวการศึกษา 14=ข่าวสาธารณสุขการแพทย์  15=ข่าวพยากรณ์อากาศ  16=ข่าวจราจร  17=ข่าวสิ่งแวดล้อม  18=ข่าวร้องทุกข์/ช่วยเหลือชาวบ้าน  19=ข่าวที่ประชาชนรายงานหรือสื่อสารด้วยตนเอง  20=อื่นๆ ระบุ
r2,r2 RD เอ่ยเอง ระบุอันดับความชอบ อันดับที่ 2,1=ข่าวการเมือง  2=ข่าวเศรษฐกิจ  3=ข่าวในกระแสความสนใจ  4=ข่าวพระราชสำนัก  5=ข่าวต่างประเทศ  6=ข่าวอาชญากรรม  7=ข่าวอุบัติเหตุ  8=ข่าวความเคลื่อนไหวในวงการบันเทิง  9=ข่าวศิลปวัฒนธรรม  10=ข่าวกีฬา  11=ข่าวเกษตร  12=ข่าวเทคโนโลยี  13=ข่าวการศึกษา 14=ข่าวสาธารณสุขการแพทย์  15=ข่าวพยากรณ์อากาศ  16=ข่าวจราจร  17=ข่าวสิ่งแวดล้อม  18=ข่าวร้องทุกข์/ช่วยเหลือชาวบ้าน  19=ข่าวที่ประชาชนรายงานหรือสื่อสารด้วยตนเอง  20=อื่นๆ ระบุ
r3,r3 RD เอ่ยเอง ระบุอันดับความชอบ อันดับที่ 3,1=ข่าวการเมือง  2=ข่าวเศรษฐกิจ  3=ข่าวในกระแสความสนใจ  4=ข่าวพระราชสำนัก  5=ข่าวต่างประเทศ  6=ข่าวอาชญากรรม  7=ข่าวอุบัติเหตุ  8=ข่าวความเคลื่อนไหวในวงการบันเทิง  9=ข่าวศิลปวัฒนธรรม  10=ข่าวกีฬา  11=ข่าวเกษตร  12=ข่าวเทคโนโลยี  13=ข่าวการศึกษา 14=ข่าวสาธารณสุขการแพทย์  15=ข่าวพยากรณ์อากาศ  16=ข่าวจราจร  17=ข่าวสิ่งแวดล้อม  18=ข่าวร้องทุกข์/ช่วยเหลือชาวบ้าน  19=ข่าวที่ประชาชนรายงานหรือสื่อสารด้วยตนเอง  20=อื่นๆ ระบุ
r4,r4 RD เอ่ยเอง ระบุอันดับความชอบ อันดับที่ 4,1=ข่าวการเมือง  2=ข่าวเศรษฐกิจ  3=ข่าวในกระแสความสนใจ  4=ข่าวพระราชสำนัก  5=ข่าวต่างประเทศ  6=ข่าวอาชญากรรม  7=ข่าวอุบัติเหตุ  8=ข่าวความเคลื่อนไหวในวงการบันเทิง  9=ข่าวศิลปวัฒนธรรม  10=ข่าวกีฬา  11=ข่าวเกษตร  12=ข่าวเทคโนโลยี  13=ข่าวการศึกษา 14=ข่าวสาธารณสุขการแพทย์  15=ข่าวพยากรณ์อากาศ  16=ข่าวจราจร  17=ข่าวสิ่งแวดล้อม  18=ข่าวร้องทุกข์/ช่วยเหลือชาวบ้าน  19=ข่าวที่ประชาชนรายงานหรือสื่อสารด้วยตนเอง  20=อื่นๆ ระบุ
r5,r5 RD เอ่ยเอง ระบุอันดับความชอบ อันดับที่ 5,1=ข่าวการเมือง  2=ข่าวเศรษฐกิจ  3=ข่าวในกระแสความสนใจ  4=ข่าวพระราชสำนัก  5=ข่าวต่างประเทศ  6=ข่าวอาชญากรรม  7=ข่าวอุบัติเหตุ  8=ข่าวความเคลื่อนไหวในวงการบันเทิง  9=ข่าวศิลปวัฒนธรรม  10=ข่าวกีฬา  11=ข่าวเกษตร  12=ข่าวเทคโนโลยี  13=ข่าวการศึกษา 14=ข่าวสาธารณสุขการแพทย์  15=ข่าวพยากรณ์อากาศ  16=ข่าวจราจร  17=ข่าวสิ่งแวดล้อม  18=ข่าวร้องทุกข์/ช่วยเหลือชาวบ้าน  19=ข่าวที่ประชาชนรายงานหรือสื่อสารด้วยตนเอง  20=อื่นๆ ระบุ
rr1,rr1 RD เอ่ยเอง ระบุอื่นๆ,
s1,s1 ทีมงานช่วยแนะนำ ระบุอันดับที่ 1,1=ข่าวการเมือง  2=ข่าวเศรษฐกิจ  3=ข่าวในกระแสความสนใจ  4=ข่าวพระราชสำนัก  5=ข่าวต่างประเทศ  6=ข่าวอาชญากรรม  7=ข่าวอุบัติเหตุ  8=ข่าวความเคลื่อนไหวในวงการบันเทิง  9=ข่าวศิลปวัฒนธรรม  10=ข่าวกีฬา  11=ข่าวเกษตร  12=ข่าวเทคโนโลยี  13=ข่าวการศึกษา 14=ข่าวสาธารณสุขการแพทย์  15=ข่าวพยากรณ์อากาศ  16=ข่าวจราจร  17=ข่าวสิ่งแวดล้อม  18=ข่าวร้องทุกข์/ช่วยเหลือชาวบ้าน  19=ข่าวที่ประชาชนรายงานหรือสื่อสารด้วยตนเอง  20=อื่นๆ ระบุ
s2,s2 ทีมงานช่วยแนะนำ ระบุอันดับที่ 2,1=ข่าวการเมือง  2=ข่าวเศรษฐกิจ  3=ข่าวในกระแสความสนใจ  4=ข่าวพระราชสำนัก  5=ข่าวต่างประเทศ  6=ข่าวอาชญากรรม  7=ข่าวอุบัติเหตุ  8=ข่าวความเคลื่อนไหวในวงการบันเทิง  9=ข่าวศิลปวัฒนธรรม  10=ข่าวกีฬา  11=ข่าวเกษตร  12=ข่าวเทคโนโลยี  13=ข่าวการศึกษา 14=ข่าวสาธารณสุขการแพทย์  15=ข่าวพยากรณ์อากาศ  16=ข่าวจราจร  17=ข่าวสิ่งแวดล้อม  18=ข่าวร้องทุกข์/ช่วยเหลือชาวบ้าน  19=ข่าวที่ประชาชนรายงานหรือสื่อสารด้วยตนเอง  20=อื่นๆ ระบุ
s3,s3 ทีมงานช่วยแนะนำ ระบุอันดับที่ 3,1=ข่าวการเมือง  2=ข่าวเศรษฐกิจ  3=ข่าวในกระแสความสนใจ  4=ข่าวพระราชสำนัก  5=ข่าวต่างประเทศ  6=ข่าวอาชญากรรม  7=ข่าวอุบัติเหตุ  8=ข่าวความเคลื่อนไหวในวงการบันเทิง  9=ข่าวศิลปวัฒนธรรม  10=ข่าวกีฬา  11=ข่าวเกษตร  12=ข่าวเทคโนโลยี  13=ข่าวการศึกษา 14=ข่าวสาธารณสุขการแพทย์  15=ข่าวพยากรณ์อากาศ  16=ข่าวจราจร  17=ข่าวสิ่งแวดล้อม  18=ข่าวร้องทุกข์/ช่วยเหลือชาวบ้าน  19=ข่าวที่ประชาชนรายงานหรือสื่อสารด้วยตนเอง  20=อื่นๆ ระบุ
s4,s4 ทีมงานช่วยแนะนำ ระบุอันดับที่ 4,1=ข่าวการเมือง  2=ข่าวเศรษฐกิจ  3=ข่าวในกระแสความสนใจ  4=ข่าวพระราชสำนัก  5=ข่าวต่างประเทศ  6=ข่าวอาชญากรรม  7=ข่าวอุบัติเหตุ  8=ข่าวความเคลื่อนไหวในวงการบันเทิง  9=ข่าวศิลปวัฒนธรรม  10=ข่าวกีฬา  11=ข่าวเกษตร  12=ข่าวเทคโนโลยี  13=ข่าวการศึกษา 14=ข่าวสาธารณสุขการแพทย์  15=ข่าวพยากรณ์อากาศ  16=ข่าวจราจร  17=ข่าวสิ่งแวดล้อม  18=ข่าวร้องทุกข์/ช่วยเหลือชาวบ้าน  19=ข่าวที่ประชาชนรายงานหรือสื่อสารด้วยตนเอง  20=อื่นๆ ระบุ
s5,s5 ทีมงานช่วยแนะนำ ระบุอันดับที่ 5,1=ข่าวการเมือง  2=ข่าวเศรษฐกิจ  3=ข่าวในกระแสความสนใจ  4=ข่าวพระราชสำนัก  5=ข่าวต่างประเทศ  6=ข่าวอาชญากรรม  7=ข่าวอุบัติเหตุ  8=ข่าวความเคลื่อนไหวในวงการบันเทิง  9=ข่าวศิลปวัฒนธรรม  10=ข่าวกีฬา  11=ข่าวเกษตร  12=ข่าวเทคโนโลยี  13=ข่าวการศึกษา 14=ข่าวสาธารณสุขการแพทย์  15=ข่าวพยากรณ์อากาศ  16=ข่าวจราจร  17=ข่าวสิ่งแวดล้อม  18=ข่าวร้องทุกข์/ช่วยเหลือชาวบ้าน  19=ข่าวที่ประชาชนรายงานหรือสื่อสารด้วยตนเอง  20=อื่นๆ ระบุ
ss1,ss1 ทีมงานช่วยแนะนำ ระบุอื่นๆ,
t1,t1 ติดตามทางทีวี อันดับ 1,1=ติดตาม  2=ไม่ติดตาม
t2,t2 ติดตามทางทีวี อันดับ 2,1=ติดตาม  2=ไม่ติดตาม
t3,t3 ติดตามทางทีวี อันดับ 3,1=ติดตาม  2=ไม่ติดตาม
t4,t4 ติดตามทางทีวี อันดับ 4,1=ติดตาม  2=ไม่ติดตาม
t5,t5 ติดตามทางทีวี อันดับ 5,1=ติดตาม  2=ไม่ติดตาม
t6,t6 ไม่ติดตามทางทีวี อันดับ 1,1=ติดตาม  2=ไม่ติดตาม
t7,t7 ไม่ติดตามทางทีวี อันดับ 2,1=ติดตาม  2=ไม่ติดตาม
t8,t8 ไม่ติดตามทางทีวี อันดับ 3,1=ติดตาม  2=ไม่ติดตาม
t9,t9 ไม่ติดตามทางทีวี อันดับ 4,1=ติดตาม  2=ไม่ติดตาม
t10,t10 ไม่ติดตามทางทีวี อันดับ 5,1=ติดตาม  2=ไม่ติดตาม
u1,u1 ติดตามทางออนไลน์ อันดับที่ 1,1=ติดตาม  2=ไม่ติดตาม
u2,u2 ติดตามทางออนไลน์ อันดับที่ 2,1=ติดตาม  2=ไม่ติดตาม
u3,u3 ติดตามทางออนไลน์ อันดับที่ 3,1=ติดตาม  2=ไม่ติดตาม
u4,u4 ติดตามทางออนไลน์ อันดับที่ 4,1=ติดตาม  2=ไม่ติดตาม
u5,u5 ติดตามทางออนไลน์ อันดับที่ 5,1=ติดตาม  2=ไม่ติดตาม
u6,u6 ไม่ติดตามทางออนไลน์ อันดับที่ 1,1=ติดตาม  2=ไม่ติดตาม
u7,u7 ไม่ติดตามทางออนไลน์ อันดับที่ 2,1=ติดตาม  2=ไม่ติดตาม
u8,u8 ไม่ติดตามทางออนไลน์ อันดับที่  3,1=ติดตาม  2=ไม่ติดตาม
u9,u9 ไม่ติดตามทางออนไลน์ อันดับที่ 4,1=ติดตาม  2=ไม่ติดตาม
u10,u10 ไม่ติดตามทางออนไลน์ อันดับที่ 5,1=ติดตาม  2=ไม่ติดตาม
v1,v1 ในสื่อทุกช่องทางที่ท่านใช้ติดตามข่าว ท่านจะมีติดตามเนื้อหาข่าวแบบใดมากที่สุด,1=ติดตามทุกข่าว  2=ติดตามเฉพาะข่าวที่ตนเองสนใจ  3=ติดตามเฉพาะข่าวที่อยู่ในกระแส  4=ติดตามเฉพาะข่าวที่ส่งผลต่อการดำเนินชีวิตของตัวเองและครอบครัว  5=อื่นๆ  ระบุ
v101,v101 ติดตามเฉพาะข่าวที่ส่งผลต่อการดำเนินชีวิตของตัวเองหรือครอบครัว เช่น ระบุ,
v102,v102 อื่นๆ ระบุ,
w1,w1 ท่านมักติดตามข่าวในช่วงวันใดมากที่สุด,1=จันทร์-ศุกร์  2=เสาร์-อาทิตย์/วันหยุด  3=ทุกวัน
x1,x1 ท่านมักติดตามข่าว ที่บ้าน,
x2,x2 ท่านมักติดตามข่าว สถานที่ทำงาน,
x3,x3 ท่านมักติดตามข่าว บนยานพาหนะระหว่างเดินทาง,
x4,x4 ท่านมักติดตามข่าว ไม่จำกัดสถานที่,
x5,x5 อื่นๆ ระบุ,
a2age,a2age อายุกลุ่มใหม่,1=อายุ 13 - 19 ปี  2=อายุ 20 - 37 ปี  3=อายุ 38 - 52 ปี  4=อายุ 53 - 72 ปี 
a302New,a302New การศึกษาใหม่,1=ต่ำกว่าปริญญาตรี    2=ปริญญาตรีขึ้นไป  
a6New,a6New รายได้ใหม่,"1=ไม่เกิน 15,000 บาท  2=15,001 - 30,000 บาท   3=30,001 บาทขึ้นไป  "
a5New,a5New อาชีพ,1=รับราชการ รัฐวิสาหกิจ พนักงานเอกชน   2=ธุรกิจส่วนตัว / อิสระ  3=นักเรียน นักศึกษา  4=เกษียณอายุ แม่บ้าน พ่อบ้าน  5=เกษตรกร  
a81New,a81New สถานภาพสมรส,1=โสด  2=มีแฟน  3=มีครอบครัว  4=ม่าย / หย่าร้าง
a82New,a82New ลักษณะการอยู่อาศํย,1=อยู่คนเดียว  2=อยู่กับครอบครัว  3=อยู่กับเพื่อน / แฟน 
J1new,J1new ติดตามข่าวผ่านอุปกรณ์การสื่อสารหนังสือพิมพ์,1=ติดตามอันดับที่1  2=ติดตามอันดับที่2  3=ติดตามอันดับที่3  4=ติดตามอันดับที่4  5=ติดตามอันดับที่5
J2new,J2new ติดตามข่าวผ่านอุปกรณ์การสื่อสารเครื่องรับวิทยุ,1=ติดตามอันดับที่1  2=ติดตามอันดับที่2  3=ติดตามอันดับที่3  4=ติดตามอันดับที่4  5=ติดตามอันดับที่6
J3new,J3new ติดตามข่าวผ่านอุปกรณ์เครื่องรับทีวี,1=ติดตามอันดับที่1  2=ติดตามอันดับที่2  3=ติดตามอันดับที่3  4=ติดตามอันดับที่4  5=ติดตามอันดับที่7
J4new,J4new ติดตามข่าวผ่านอุปกรณ์คอมพิวเตอร์ตั้งโต๊ะ,1=ติดตามอันดับที่1  2=ติดตามอันดับที่2  3=ติดตามอันดับที่3  4=ติดตามอันดับที่4  5=ติดตามอันดับที่8
J5new,J5new ติดตามข่าวผ่านอุปกรณ์มือถือสมาร์ทโฟน,1=ติดตามอันดับที่1  2=ติดตามอันดับที่2  3=ติดตามอันดับที่3  4=ติดตามอันดับที่4  5=ติดตามอันดับที่9
JOrder,JOrder การจัดอันดับ การติดตามข่าวผ่านอุปกรณ์ต่างๆ,1=ติดตามอันดับที่1  2=ติดตามอันดับที่2  3=ติดตามอันดับที่3  4=ติดตามอันดับที่4  5=ติดตามอันดับที่10
q1new,q1new 1. Facebook,1=ติดตามอันดับที่1  2=ติดตามอันดับที่2  3=ติดตามอันดับที่3  4=ติดตามอันดับที่4  5=ติดตามอันดับที่11
q2new,q2new 2.Twitter,1=ติดตามอันดับที่1  2=ติดตามอันดับที่2  3=ติดตามอันดับที่3  4=ติดตามอันดับที่4  5=ติดตามอันดับที่12
q3new,q3new 3. YouTube,1=ติดตามอันดับที่1  2=ติดตามอันดับที่2  3=ติดตามอันดับที่3  4=ติดตามอันดับที่4  5=ติดตามอันดับที่13
q4new,q4new 4.Instagram,1=ติดตามอันดับที่1  2=ติดตามอันดับที่2  3=ติดตามอันดับที่3  4=ติดตามอันดับที่4  5=ติดตามอันดับที่14
q5new,q5new 5.Line Today,1=ติดตามอันดับที่1  2=ติดตามอันดับที่2  3=ติดตามอันดับที่3  4=ติดตามอันดับที่4  5=ติดตามอันดับที่15
q6new,q6new 6. Line TV,1=ติดตามอันดับที่1  2=ติดตามอันดับที่2  3=ติดตามอันดับที่3  4=ติดตามอันดับที่4  5=ติดตามอันดับที่16
q7new,q7new 7. Postcast/วิทยุออนไลน์,1=ติดตามอันดับที่1  2=ติดตามอันดับที่2  3=ติดตามอันดับที่3  4=ติดตามอันดับที่4  5=ติดตามอันดับที่17
q8new,q8new 8.Pantip,1=ติดตามอันดับที่1  2=ติดตามอันดับที่2  3=ติดตามอันดับที่3  4=ติดตามอันดับที่4  5=ติดตามอันดับที่18
q9new,q9new เว็บไซด์/แอปพลิเคชั่นอื่นๆ,1=ติดตามอันดับที่1  2=ติดตามอันดับที่2  3=ติดตามอันดับที่3  4=ติดตามอันดับที่4  5=ติดตามอันดับที่19
q10new,q10new อื่นๆระบุ,1=ติดตามอันดับที่1  2=ติดตามอันดับที่2  3=ติดตามอันดับที่3  4=ติดตามอันดับที่4  5=ติดตามอันดับที่20
q1001new,q1001new อื่นๆระบุ,
r1new,r1new RD ระบุอันดับ ข่าวการเมือง,1=ติดตามอันดับที่1  2=ติดตามอันดับที่2  3=ติดตามอันดับที่3  4=ติดตามอันดับที่4  5=ติดตามอันดับที่20
s1new,s1new ทีมงานช่วยแนะนำ ระบุอันดับ การเมือง,1=ติดตามอันดับที่1  2=ติดตามอันดับที่2  3=ติดตามอันดับที่3  4=ติดตามอันดับที่4  5=ติดตามอันดับที่21
t1new,t1new  ติดตามไม่ติดตามทีวี,1=ติดตาม  2=ไม่ติดตาม
u1new,u1new ติดตามไม่ติดตามออนไลน์,1=ติดตาม  2=ไม่ติดตาม
r2new,r2new  RD ระบุอันดับ ข่าวเศรษฐกิจ,1=ติดตามอันดับที่1  2=ติดตามอันดับที่2  3=ติดตามอันดับที่3  4=ติดตามอันดับที่4  5=ติดตามอันดับที่20
s2new,s2new ทีมงานช่วยแนะนำ ระบุอันดับ ข่าวเศรษฐกิจ,1=ติดตามอันดับที่1  2=ติดตามอันดับที่2  3=ติดตามอันดับที่3  4=ติดตามอันดับที่4  5=ติดตามอันดับที่21
t2new,t2new ติดตามไม่ติดตามทีวี,1=ติดตาม  2=ไม่ติดตาม
u2new,u2new ติดตามไม่ติดตามออนไลน์,1=ติดตาม  2=ไม่ติดตาม
r3new,r3new  RD ระบุอันดับ ข่าวในกระแสความสนใจ,1=ติดตามอันดับที่1  2=ติดตามอันดับที่2  3=ติดตามอันดับที่3  4=ติดตามอันดับที่4  5=ติดตามอันดับที่22
s3new,s3new ทีมงานช่วยแนะนำ ระบุอันดับ ข่าวในกระแสความสนใจ,1=ติดตามอันดับที่1  2=ติดตามอันดับที่2  3=ติดตามอันดับที่3  4=ติดตามอันดับที่4  5=ติดตามอันดับที่23
t3new,t3new ติดตามไม่ติดตามทีวี,1=ติดตาม  2=ไม่ติดตาม
u3new,u3new ติดตามไม่ติดตามออนไลน์,1=ติดตาม  2=ไม่ติดตาม
r4new,r4new RD ระบุอันดับข่าวพระราชสำนัก,1=ติดตามอันดับที่1  2=ติดตามอันดับที่2  3=ติดตามอันดับที่3  4=ติดตามอันดับที่4  5=ติดตามอันดับที่22
s4new,s4new ทีมงานช่วยแนะนำ ระบุอันดับข่าวพระราชสำนัก,1=ติดตามอันดับที่1  2=ติดตามอันดับที่2  3=ติดตามอันดับที่3  4=ติดตามอันดับที่4  5=ติดตามอันดับที่23
t4new,t4new ติดตามไม่ติดตามทีวี,1=ติดตาม  2=ไม่ติดตาม
u4new,u4new ติดตามไม่ติดตามออนไลน์,1=ติดตาม  2=ไม่ติดตาม
r5new,r5new RD ระบุอันดับข่าวต่างประเทศ,1=ติดตามอันดับที่1  2=ติดตามอันดับที่2  3=ติดตามอันดับที่3  4=ติดตามอันดับที่4  5=ติดตามอันดับที่24
s5new,s5new ทีมงานช่วยแนะนำ ระบุอันดับข่าวต่างประเทศ,1=ติดตามอันดับที่1  2=ติดตามอันดับที่2  3=ติดตามอันดับที่3  4=ติดตามอันดับที่4  5=ติดตามอันดับที่25
t5new,t5new ติดตามไม่ติดตามทีวี,1=ติดตาม  2=ไม่ติดตาม
u5new,u5new ติดตามไม่ติดตามออนไลน์,1=ติดตาม  2=ไม่ติดตาม
r6new,r6new RD ระบุอันดับข่าวอาชญากรรม,1=ติดตามอันดับที่1  2=ติดตามอันดับที่2  3=ติดตามอันดับที่3  4=ติดตามอันดับที่4  5=ติดตามอันดับที่24
s6new,s6new ทีมงานช่วยแนะนำ ระบุอันดับ ข่าวอาชญากรรม,1=ติดตามอันดับที่1  2=ติดตามอันดับที่2  3=ติดตามอันดับที่3  4=ติดตามอันดับที่4  5=ติดตามอันดับที่25
t6new,t6new ติดตามไม่ติดตามทีวี,1=ติดตาม  2=ไม่ติดตาม
u6new,u6new ติดตามไม่ติดตามออนไลน์,1=ติดตาม  2=ไม่ติดตาม
r7new,r7new RD ระบุอันดับข่าวอุบัติเหตุ,1=ติดตามอันดับที่1  2=ติดตามอันดับที่2  3=ติดตามอันดับที่3  4=ติดตามอันดับที่4  5=ติดตามอันดับที่26
s7new,s7new ทีมงานช่วยแนะนำ ระบุอันดับข่าวอุบัติเหตุ,1=ติดตามอันดับที่1  2=ติดตามอันดับที่2  3=ติดตามอันดับที่3  4=ติดตามอันดับที่4  5=ติดตามอันดับที่27
t7new,t7new ติดตามไม่ติดตามทีวี,1=ติดตาม  2=ไม่ติดตาม
u7new,u7new ติดตามไม่ติดตามออนไลน์,1=ติดตาม  2=ไม่ติดตาม
r8new,r8new RD ระบุอันดับข่าวบันเทิง,1=ติดตามอันดับที่1  2=ติดตามอันดับที่2  3=ติดตามอันดับที่3  4=ติดตามอันดับที่4  5=ติดตามอันดับที่26
s8new,s8new ทีมงานช่วยแนะนำ ระบุ ข่าวบันเทิง,1=ติดตามอันดับที่1  2=ติดตามอันดับที่2  3=ติดตามอันดับที่3  4=ติดตามอันดับที่4  5=ติดตามอันดับที่27
t8new,t8new ติดตามไม่ติดตามทีวี,1=ติดตาม  2=ไม่ติดตาม
u8new,u8new ติดตามไม่ติดตามออนไลน์,1=ติดตาม  2=ไม่ติดตาม
r9new,r9new RD ระบุอันดับ ข่าวศิลปะวัฒนธรรม,1=ติดตามอันดับที่1  2=ติดตามอันดับที่2  3=ติดตามอันดับที่3  4=ติดตามอันดับที่4  5=ติดตามอันดับที่28
s9new,s9new ทีมงานช่วยแนะนำ ระบุอันดับ ข่าวศิลปะวัฒนธรรม,1=ติดตามอันดับที่1  2=ติดตามอันดับที่2  3=ติดตามอันดับที่3  4=ติดตามอันดับที่4  5=ติดตามอันดับที่29
t9new,t9new ติดตามไม่ติดตามทีวี,1=ติดตาม  2=ไม่ติดตาม
u9new,u9new  ติดตามไม่ติดตามออนไลน์,1=ติดตาม  2=ไม่ติดตาม
r10new,r10new  RD ระบุอันดับ ข่าวกีฬา,1=ติดตามอันดับที่1  2=ติดตามอันดับที่2  3=ติดตามอันดับที่3  4=ติดตามอันดับที่4  5=ติดตามอันดับที่28
s10new,s10new ทีมงานช่วยแนะนำ ระบุอันดับ ข่าวกีฬา,1=ติดตามอันดับที่1  2=ติดตามอันดับที่2  3=ติดตามอันดับที่3  4=ติดตามอันดับที่4  5=ติดตามอันดับที่29
t10new,t10new ติดตามไม่ติดตามทีวี,1=ติดตาม  2=ไม่ติดตาม
u10new,u10new ติดตามไม่ติดตามออนไลน์,1=ติดตาม  2=ไม่ติดตาม
r11new,r11new RD ระบุอันดับ ข่าวเกษตร,1=ติดตามอันดับที่1  2=ติดตามอันดับที่2  3=ติดตามอันดับที่3  4=ติดตามอันดับที่4  5=ติดตามอันดับที่30
s11new,s11new ทีมงานช่วยแนะนำ ข่าวเกษตร,1=ติดตามอันดับที่1  2=ติดตามอันดับที่2  3=ติดตามอันดับที่3  4=ติดตามอันดับที่4  5=ติดตามอันดับที่31
t11new,t11new ติดตามไม่ติดตามทีวี,1=ติดตาม  2=ไม่ติดตาม
u11new,u11new ติดตามไม่ติดตามออนไลน์,1=ติดตาม  2=ไม่ติดตาม
r12new,r12new RD ระบุอันดับ ข่าวเทคโนโลยี,1=ติดตามอันดับที่1  2=ติดตามอันดับที่2  3=ติดตามอันดับที่3  4=ติดตามอันดับที่4  5=ติดตามอันดับที่30
s12new,s12new ทีมงานช่วยแนะนำ ข่าวเทคโนโลยี,1=ติดตามอันดับที่1  2=ติดตามอันดับที่2  3=ติดตามอันดับที่3  4=ติดตามอันดับที่4  5=ติดตามอันดับที่31
t12new,t12new ติดตามไม่ติดตามทีวี,1=ติดตาม  2=ไม่ติดตาม
u12new,u12new ติดตามไม่ติดตามออนไลน์,1=ติดตาม  2=ไม่ติดตาม
r13new,r13new RD ระบุอันดับ ข่าวการศึกษา,1=ติดตามอันดับที่1  2=ติดตามอันดับที่2  3=ติดตามอันดับที่3  4=ติดตามอันดับที่4  5=ติดตามอันดับที่32
s13new,s13new ทีมงานช่วยแนะนำ ข่าวการศึกษา,1=ติดตามอันดับที่1  2=ติดตามอันดับที่2  3=ติดตามอันดับที่3  4=ติดตามอันดับที่4  5=ติดตามอันดับที่33
t13new,t13new ติดตามไม่ติดตามทีวี,1=ติดตาม  2=ไม่ติดตาม
u13new,u13new ติดตามไม่ติดตามออนไลน์,1=ติดตาม  2=ไม่ติดตาม
r14new,r14new RD ระบุอันดับ ข่าวสาธารณสุขการแพทย์,1=ติดตามอันดับที่1  2=ติดตามอันดับที่2  3=ติดตามอันดับที่3  4=ติดตามอันดับที่4  5=ติดตามอันดับที่32
s14new,s14new ทีมงานช่วยแนะนำ ข่าวสาธารณสุขการแพทย์,1=ติดตามอันดับที่1  2=ติดตามอันดับที่2  3=ติดตามอันดับที่3  4=ติดตามอันดับที่4  5=ติดตามอันดับที่33
t14new,t14new ติดตามไม่ติดตามทีวี,1=ติดตาม  2=ไม่ติดตาม
u14new,u14new ติดตามไม่ติดตามออนไลน์,1=ติดตาม  2=ไม่ติดตาม
r15new,r15new RD ระบุอันดับ ข่าวพยากรณ์อากาศ,1=ติดตามอันดับที่1  2=ติดตามอันดับที่2  3=ติดตามอันดับที่3  4=ติดตามอันดับที่4  5=ติดตามอันดับที่34
s15new,s15new ทีมงานช่วยแนะนำ ข่าวพยากรณ์อากาศ,1=ติดตามอันดับที่1  2=ติดตามอันดับที่2  3=ติดตามอันดับที่3  4=ติดตามอันดับที่4  5=ติดตามอันดับที่35
t15new,t15new ติดตามไม่ติดตามทีวี,1=ติดตาม  2=ไม่ติดตาม
u15new,u15new ติดตามไม่ติดตามออนไลน์,1=ติดตาม  2=ไม่ติดตาม
r16new,r16new RD ระบุอันดับ ข่าวจราจร,1=ติดตามอันดับที่1  2=ติดตามอันดับที่2  3=ติดตามอันดับที่3  4=ติดตามอันดับที่4  5=ติดตามอันดับที่34
s16new,s16new ทีมงานช่วยแนะนำ ข่าวจราจร,1=ติดตามอันดับที่1  2=ติดตามอันดับที่2  3=ติดตามอันดับที่3  4=ติดตามอันดับที่4  5=ติดตามอันดับที่35
t16new,t16neww  ติดตามไม่ติดตามทีวี,1=ติดตาม  2=ไม่ติดตาม
u16new,u16neww ติดตามไม่ติดตามออนไลน์,1=ติดตาม  2=ไม่ติดตาม
r17new,r17neww RD ระบุอันดับ ข่าวสิ่งแวดล้อม,1=ติดตามอันดับที่1  2=ติดตามอันดับที่2  3=ติดตามอันดับที่3  4=ติดตามอันดับที่4  5=ติดตามอันดับที่36
s17new,s17neww ทีมงานช่วยแนะนำ ข่าวสิ่งแวดล้อม,1=ติดตามอันดับที่1  2=ติดตามอันดับที่2  3=ติดตามอันดับที่3  4=ติดตามอันดับที่4  5=ติดตามอันดับที่37
t17new,t17neww ติดตามไม่ติดตามทีวี,1=ติดตาม  2=ไม่ติดตาม
u17new,u17neww ติดตามไม่ติดตามออนไลน์,1=ติดตาม  2=ไม่ติดตาม
r18new,r18neww RD ระบุอันดับ ข่าวร้องทุกข์ชาวบ้าน,1=ติดตามอันดับที่1  2=ติดตามอันดับที่2  3=ติดตามอันดับที่3  4=ติดตามอันดับที่4  5=ติดตามอันดับที่36
s18new,s18neww ทีมงานช่วยแนะนำ ข่าวร้องทุกข์ชาวบ้าน,1=ติดตามอันดับที่1  2=ติดตามอันดับที่2  3=ติดตามอันดับที่3  4=ติดตามอันดับที่4  5=ติดตามอันดับที่37
t18new,t18neww ติดตามไม่ติดตามทีวี,1=ติดตาม  2=ไม่ติดตาม
u18new,u18neww ติดตามไม่ติดตามออนไลน์,1=ติดตาม  2=ไม่ติดตาม
r19new,r19new  RD ระบุอันดับ ข่าวประชาชนรายงาน,1=ติดตามอันดับที่1  2=ติดตามอันดับที่2  3=ติดตามอันดับที่3  4=ติดตามอันดับที่4  5=ติดตามอันดับที่38
s19new,s19new ทีมงานช่วยแนะนำ ข่าวประชาชนรายงาน,1=ติดตามอันดับที่1  2=ติดตามอันดับที่2  3=ติดตามอันดับที่3  4=ติดตามอันดับที่4  5=ติดตามอันดับที่39
t19new,t19new ติดตามไม่ติดตามทีวี,1=ติดตาม  2=ไม่ติดตาม
u19new,u19new ติดตามไม่ติดตามออนไลน์,1=ติดตาม  2=ไม่ติดตาม
r20new,r20new RD ระบุอันดับ ข่าวอื่นๆระบุ,1=ติดตามอันดับที่1  2=ติดตามอันดับที่2  3=ติดตามอันดับที่3  4=ติดตามอันดับที่4  5=ติดตามอันดับที่38
s20new,s20new ทีมงานช่วยแนะนำ ข่าวประชาชนรายงาน,1=ติดตามอันดับที่1  2=ติดตามอันดับที่2  3=ติดตามอันดับที่3  4=ติดตามอันดับที่4  5=ติดตามอันดับที่39
t20new,t20new ติดตามไม่ติดตามทีวี,1=ติดตาม  2=ไม่ติดตาม
u20new,u20new ติดตามไม่ติดตามออนไลน์,1=ติดตาม  2=ไม่ติดตาม
G_genZ,อายุ 13 - 19 ปี,
G_genY,อายุ 20 - 37 ปี,
G_genX,อายุ 38 - 52 ปี,
G_genB,อายุ 53 - 72 ปี,
Gen_group,,1 = Gen Z   2 = Gen Y  3 = Gen X   4 = Gen B
